year,doy,o3
2016,64,22.677666666666667
2016,65,19.670666666666662
2016,66,27.948999999999998
2016,67,22.4945
2016,68,24.011166666666664
2016,69,23.021
2016,70,28.321666666666665
2016,71,29.0055
2016,72,32.8095
2016,73,31.759999999999998
2016,74,30.393166666666666
2016,75,30.3585
2016,76,27.878833333333333
2016,77,36.539
2016,78,30.7195
2016,79,28.109
2016,80,24.247666666666667
2016,81,31.83533333333333
2016,82,37.01116666666667
2016,83,38.93033333333334
2016,84,43.028333333333336
2016,85,39.63849999999999
2016,86,36.93333333333334
2016,87,37.181
2016,88,42.8975
2016,89,44.07
2016,90,36.82216666666666
2016,91,23.49283333333333
2016,92,31.990833333333335
2016,93,33.376000000000005
2016,94,34.1935
2016,95,35.01166666666667
2016,96,41.0955
2016,97,35.63783333333333
2016,98,39.974999999999994
2016,99,37.33433333333333
2016,100,34.12050000000001
2016,101,39.33016666666667
2016,102,35.80149999999999
2016,103,41.758833333333335
2016,104,39.39783333333334
2016,105,35.61883333333333
2016,106,37.2205
2016,107,40.92333333333333
2016,108,37.50066666666667
2016,109,37.77433333333333
2016,110,37.98533333333333
2016,111,33.293166666666664
2016,112,33.906166666666664
2016,113,38.31583333333333
2016,114,33.1985
2016,115,35.1295
2016,116,40.0745
2016,117,24.833000000000002
2016,118,36.400666666666666
2016,119,27.0805
2016,120,45.17999999999999
2016,121,50.659333333333336
2016,122,50.260666666666665
2016,123,47.852999999999994
2016,124,47.655
2016,125,56.587
2016,126,54.4725
2016,127,53.74516666666666
2016,128,50.423500000000004
2016,129,52.263999999999996
2016,130,52.949
2016,131,52.809666666666665
2016,132,41.17666666666666
2016,133,38.5415
2016,134,40.26433333333333
2016,135,40.854499999999994
2016,136,45.61083333333333
2016,137,38.83016666666667
2016,138,35.01533333333333
2016,139,39.592
2016,140,32.36383333333333
2016,141,46.63616666666667
2016,142,36.86583333333333
2016,143,37.4755
2016,144,44.436166666666665
2016,145,43.272999999999996
2016,146,36.7465
2016,147,29.739
2016,148,34.945
2016,149,27.0885
2016,150,25.84533333333333
2016,151,32.977666666666664
2016,152,33.47633333333333
2016,153,38.60916666666667
2016,154,42.18666666666667
2016,155,41.06033333333333
2016,156,41.59849999999999
2016,157,35.05266666666667
2016,158,29.34666666666667
2016,159,36.69766666666666
2016,160,29.262333333333334
2016,161,32.867000000000004
2016,162,33.48433333333333
2016,163,27.5255
2016,164,26.52883333333333
2016,165,30.965000000000003
2016,166,38.1805
2016,167,35.30566666666667
2016,168,31.080166666666667
2016,169,36.92999999999999
2016,170,37.9395
2016,171,38.70633333333333
2016,172,44.010333333333335
2016,173,35.64366666666666
2016,174,34.267333333333326
2016,175,29.527499999999996
2016,176,34.60933333333333
2016,177,47.25883333333333
2016,178,33.198499999999996
2016,179,28.252499999999998
2016,180,36.25216666666667
2016,181,36.34133333333334
2016,182,34.428999999999995
2016,183,31.004499999999997
2016,184,36.34233333333333
2016,185,29.91616666666667
2016,186,32.576
2016,187,3.2245
2016,188,29.1635
2016,189,24.29716666666667
2016,190,25.736666666666665
2016,191,28.567833333333333
2016,192,25.201999999999998
2016,193,20.357666666666667
2016,194,31.839333333333336
2016,195,28.681833333333334
2016,196,27.169666666666668
2016,197,26.128833333333333
2016,198,32.222166666666666
2016,199,27.808999999999997
2016,200,24.616
2016,201,25.068166666666666
2016,202,27.99283333333333
2016,203,18.8765
2016,204,15.308666666666666
2016,205,24.273333333333333
2016,206,25.674833333333332
2016,207,24.635666666666665
2016,208,31.012833333333333
2016,209,29.1445
2016,210,31.723000000000003
2016,211,28.037666666666667
2016,212,28.240666666666666
2016,213,26.767666666666663
2016,214,23.037
2016,215,24.09766666666666
2016,216,26.15266666666667
2016,217,22.812833333333334
2016,218,17.905166666666666
2016,219,22.075
2016,220,20.6125
2016,221,25.34916666666667
2016,222,29.28633333333333
2016,223,25.889000000000003
2016,224,20.902
2016,225,25.230000000000004
2016,226,23.5315
2016,227,18.404333333333334
2016,228,23.159166666666668
2016,229,18.497166666666665
2016,230,16.721833333333333
2016,231,14.761166666666668
2016,232,21.213
2016,233,31.195166666666665
2016,234,33.834833333333336
2016,235,27.287
2016,236,27.821333333333335
2016,237,26.144666666666666
2016,238,26.368666666666666
2016,239,36.94733333333333
2016,240,36.85066666666667
2016,241,25.3035
2016,242,27.96483333333333
2016,243,21.087666666666664
2016,244,21.500666666666667
2016,245,21.6315
2016,246,27.339666666666666
2016,247,20.84433333333333
2016,248,21.496333333333332
2016,249,20.014666666666663
2016,250,23.876333333333335
2016,251,27.15783333333333
2016,252,23.87083333333333
2016,253,24.337
2016,254,24.979166666666664
2016,255,27.698666666666668
2016,256,33.839999999999996
2016,257,26.354666666666667
2016,258,22.887500000000003
2016,259,25.972
2016,260,22.694999999999997
2016,261,17.126166666666666
2016,262,19.166
2016,263,21.381666666666668
2016,264,20.683333333333334
2016,265,18.996333333333332
2016,266,21.242666666666665
2016,267,21.631833333333333
2016,268,21.426499999999997
2016,269,24.600500000000004
2016,270,22.489833333333333
2016,271,16.679000000000002
2016,272,23.676166666666667
2016,273,21.410666666666668
2016,274,31.188166666666667
2016,275,28.999666666666663
2016,276,21.025
2016,277,24.611666666666665
2016,278,25.716833333333334
2016,279,23.31866666666666
2016,280,22.075666666666663
2016,281,21.6645
2016,282,16.268
2016,283,15.5285
2016,284,23.052833333333332
2016,285,23.23166666666667
2016,286,21.860500000000002
2016,287,18.494666666666667
2016,288,16.8545
2016,289,22.317333333333334
2016,290,22.125833333333333
2016,291,24.63733333333333
2016,292,26.701833333333333
2016,293,25.5805
2016,294,27.189166666666665
2016,295,29.8825
2016,296,28.817999999999998
2016,297,26.541000000000004
2016,298,27.8785
2016,299,20.242333333333335
2016,300,13.154166666666665
2016,301,21.560666666666663
2016,302,18.825666666666663
2016,303,33.89516666666667
2016,304,17.20916666666667
2016,305,18.015833333333333
2016,306,17.634
2016,307,23.7755
2016,308,17.735999999999997
2016,309,20.579833333333333
2016,310,22.099333333333334
2016,311,23.931666666666665
2016,312,21.11583333333333
2016,313,18.362666666666666
2016,314,19.036833333333334
2016,315,15.743666666666666
2016,316,24.396833333333333
2016,317,29.741500000000002
2016,318,26.971333333333334
2016,319,19.598666666666666
2016,320,19.474333333333334
2016,321,17.351166666666668
2016,322,13.373333333333333
2016,323,15.462833333333334
2016,324,21.4515
2016,325,25.325166666666668
2016,326,19.432666666666666
2016,327,17.912333333333333
2016,328,16.292
2016,329,24.364333333333335
2016,330,23.00033333333333
2016,331,24.876166666666663
2016,332,23.616166666666665
2016,333,32.552
2016,334,31.177333333333333
2016,335,28.785166666666665
2016,336,32.968833333333336
2016,337,30.91583333333333
2016,338,30.15
2016,339,29.800166666666662
2016,340,31.642333333333333
2016,341,29.595999999999997
2016,342,28.771
2016,343,12.987
2016,344,22.085833333333333
2016,345,33.909666666666666
2016,346,20.439666666666668
2016,347,31.21066666666667
2016,348,29.49133333333333
2016,349,24.149666666666665
2016,350,28.299666666666667
2016,351,25.44666666666667
2016,352,24.82033333333333
2016,353,23.444166666666668
2016,354,17.87683333333333
2016,355,15.770333333333333
2016,356,23.653999999999996
2016,357,16.21816666666667
2016,358,24.821166666666667
2016,359,29.896833333333333
2016,360,33.75983333333333
2016,361,35.13
2016,362,35.68383333333334
2016,363,34.24333333333333
2016,364,29.323166666666665
2016,365,28.395333333333333
2016,366,25.983833333333337
2017,1,33.308166666666665
2017,2,34.266999999999996
2017,3,27.690166666666663
2017,4,27.113166666666665
2017,5,30.880499999999998
2017,6,33.711999999999996
2017,7,29.941
2017,8,25.058500000000002
2017,9,24.986333333333334
2017,10,25.404666666666664
2017,11,29.0535
2017,12,25.723999999999997
2017,13,30.831166666666665
2017,14,22.960333333333335
2017,15,23.993666666666666
2017,16,27.677999999999997
2017,17,25.96333333333333
2017,18,27.758833333333328
2017,19,24.510666666666665
2017,20,29.741
2017,21,34.784333333333336
2017,22,28.857666666666663
2017,23,29.726166666666664
2017,24,31.55383333333333
2017,25,32.017833333333336
2017,26,28.189166666666665
2017,27,22.051666666666666
2017,28,21.307333333333332
2017,29,24.701
2017,30,27.974333333333334
2017,31,25.11416666666667
2017,32,35.965500000000006
2017,33,41.241
2017,34,33.621500000000005
2017,35,25.142
2017,36,31.283833333333334
2017,37,33.06433333333334
2017,38,32.35683333333333
2017,39,29.934333333333335
2017,40,29.625
2017,41,32.89966666666666
2017,42,29.029166666666665
2017,43,32.5385
2017,44,36.707166666666666
2017,45,37.30383333333333
2017,46,25.300333333333334
2017,47,22.944833333333335
2017,48,18.968666666666664
2017,49,36.186166666666665
2017,50,30.814999999999998
2017,51,31.392166666666665
2017,52,35.989333333333335
2017,53,40.402
2017,54,37.371
2017,55,41.7645
2017,56,39.81849999999999
2017,57,33.713166666666666
2017,58,31.8125
2017,59,35.4405
2017,60,31.984666666666666
2017,61,33.9375
2017,62,34.381
2017,63,35.441
2017,64,38.00516666666667
2017,65,39.68466666666667
2017,66,36.66666666666667
2017,67,38.388
2017,68,36.08333333333334
2017,69,31.159333333333333
2017,70,24.145833333333336
2017,71,31.641166666666663
2017,72,34.010666666666665
2017,73,37.13783333333333
2017,74,35.6635
2017,75,40.27666666666667
2017,76,35.97333333333333
2017,77,37.73866666666667
2017,78,34.21216666666666
2017,79,34.42433333333334
2017,80,34.33816666666667
2017,81,41.443333333333335
2017,82,40.5655
2017,83,40.2065
2017,84,35.9275
2017,85,39.28366666666666
2017,86,44.990500000000004
2017,87,44.00616666666667
2017,88,35.75866666666666
2017,89,42.78283333333333
2017,90,38.57683333333334
2017,91,27.862333333333332
2017,92,43.60966666666667
2017,93,33.5015
2017,94,32.876999999999995
2017,95,39.699833333333345
2017,96,41.51133333333333
2017,97,40.34733333333333
2017,98,40.82716666666666
2017,99,34.960166666666666
2017,100,44.68849999999999
2017,101,40.15216666666667
2017,102,40.66966666666667
2017,103,34.13316666666667
2017,104,40.361999999999995
2017,105,42.00883333333334
2017,106,45.04833333333333
2017,107,42.402166666666666
2017,108,40.793166666666664
2017,109,45.5125
2017,110,48.22449999999999
2017,111,40.27133333333333
2017,112,38.512166666666666
2017,113,37.06516666666667
2017,114,39.752
2017,115,33.85133333333333
2017,116,40.94366666666667
2017,117,44.55916666666667
2017,118,46.687
2017,119,38.06616666666666
2017,120,38.42766666666667
2017,121,43.42466666666667
2017,122,47.22583333333333
2017,123,42.318666666666665
2017,124,38.66966666666667
2017,125,46.985
2017,126,43.915166666666664
2017,127,43.141000000000005
2017,128,41.179833333333335
2017,129,36.890499999999996
2017,130,34.73733333333334
2017,131,36.940333333333335
2017,132,44.1015
2017,133,45.284333333333336
2017,134,51.10216666666666
2017,135,49.94633333333333
2017,136,39.72983333333333
2017,137,47.769333333333336
2017,138,41.082499999999996
2017,139,49.443666666666665
2017,140,42.845666666666666
2017,141,44.602833333333336
2017,142,36.66683333333333
2017,143,38.54166666666667
2017,144,34.111666666666665
2017,145,33.59466666666667
2017,146,36.040166666666664
2017,147,36.041333333333334
2017,148,35.68716666666667
2017,149,42.35883333333333
2017,150,34.98283333333333
2017,151,32.88816666666666
2017,152,32.83066666666667
2017,153,30.927333333333333
2017,154,35.26716666666667
2017,155,35.958333333333336
2017,156,26.015833333333333
2017,157,38.905
2017,158,38.64416666666666
2017,159,24.250333333333334
2017,160,38.47516666666667
2017,161,38.73983333333333
2017,162,35.02733333333333
2017,163,28.262833333333333
2017,164,28.740166666666664
2017,165,32.09533333333333
2017,166,40.18933333333332
2017,167,38.7785
2017,168,43.89933333333333
2017,169,38.5235
2017,170,27.345999999999997
2017,171,24.706833333333336
2017,172,29.253999999999998
2017,173,28.839166666666664
2017,174,26.156999999999996
2017,175,25.371166666666667
2017,176,33.8735
2017,177,29.32066666666666
2017,178,32.37466666666667
2017,179,28.711
2017,180,31.6985
2017,181,21.304166666666667
2017,182,12.0975
2017,183,17.420333333333332
2017,184,18.8975
2017,185,26.1295
2017,186,24.612833333333334
2017,187,25.244833333333332
2017,188,26.410333333333334
2017,189,30.9125
2017,190,32.12650000000001
2017,191,35.191833333333335
2017,192,28.823166666666665
2017,193,26.089166666666667
2017,194,26.963833333333334
2017,195,25.729999999999997
2017,196,22.10983333333333
2017,197,29.820166666666665
2017,198,26.499
2017,199,20.317833333333333
2017,200,24.454833333333333
2017,201,20.009999999999998
2017,202,22.876666666666665
2017,203,26.72566666666667
2017,204,28.277166666666666
2017,205,24.795166666666667
2017,206,25.73916666666667
2017,207,27.1485
2017,208,19.810499999999998
2017,209,37.329166666666666
2017,210,25.372999999999998
2017,211,28.88666666666667
2017,212,29.697666666666667
2017,213,30.2125
2017,214,34.3995
2017,215,33.569833333333335
2017,216,28.0385
2017,217,32.13166666666667
2017,218,30.127499999999998
2017,219,29.42816666666667
2017,220,32.271
2017,221,26.528666666666666
2017,222,45.566500000000005
2017,223,43.2225
2017,224,33.64883333333333
2017,225,30.44983333333333
2017,226,26.11566666666667
2017,227,32.70666666666666
2017,228,28.475666666666665
2017,229,27.753333333333334
2017,230,26.697833333333335
2017,231,30.497166666666665
2017,232,20.706166666666668
2017,233,21.974333333333334
2017,234,22.37766666666667
2017,235,26.645833333333336
2017,236,18.889666666666667
2017,237,16.974333333333334
2017,238,27.281
2017,239,23.671666666666667
2017,240,19.42083333333333
2017,241,25.48033333333333
2017,242,0.05716666666666664
2017,243,27.46066666666667
2017,244,24.461666666666666
2017,245,17.164
2017,246,10.907666666666668
2017,247,14.742166666666666
2017,248,16.02766666666667
2017,249,16.141666666666666
2017,250,5.333
2017,251,12.814499999999999
2017,252,13.249166666666667
2017,253,17.942999999999998
2017,254,20.607666666666667
2017,255,16.48
2017,256,21.97533333333333
2017,257,22.308666666666667
2017,258,19.75783333333333
2017,259,19.90416666666666
2017,260,13.2025
2017,261,16.127000000000002
2017,262,12.437833333333332
2017,263,21.090666666666667
2017,264,19.168999999999997
2017,265,16.446833333333334
2017,266,18.711666666666666
2017,267,21.374000000000002
2017,268,22.312833333333337
2017,269,14.515666666666668
2017,270,15.889000000000001
2017,271,17.357833333333332
2017,272,18.182666666666666
2017,273,15.962833333333332
2017,274,16.4325
2017,275,18.229166666666668
2017,276,19.243833333333335
2017,277,23.098666666666666
2017,278,22.0625
2017,279,14.895166666666668
2017,280,14.857166666666668
2017,281,18.040916666666668
2017,282,16.537333333333336
2017,283,16.91016666666667
2017,284,15.241333333333333
2017,285,14.585
2017,286,15.126166666666666
2017,287,10.444166666666666
2017,288,22.320833333333333
2017,289,16.05233333333333
2017,290,21.609166666666663
2017,291,26.319
2017,292,19.061666666666667
2017,293,17.399
2017,294,21.713166666666666
2017,295,22.276
2017,296,20.938666666666666
2017,297,20.060333333333332
2017,298,23.269999999999996
2017,299,15.180333333333333
2017,300,8.564
2017,301,11.64916666666667
2017,302,16.912333333333333
2017,303,8.258666666666667
2017,304,24.3295
2017,305,21.403333333333336
2017,306,19.336333333333336
2017,307,13.224833333333333
2017,308,21.255166666666668
2017,309,18.404833333333332
2017,310,12.879333333333332
2017,311,20.328333333333333
2017,312,17.0045
2017,313,20.423000000000002
2017,314,13.019833333333331
2017,315,12.955166666666667
2017,316,24.02133333333333
2017,317,21.228
2017,318,19.246833333333335
2017,319,20.421999999999997
2017,320,29.516333333333336
2017,321,24.21216666666667
2017,322,27.898833333333336
2017,323,21.64033333333333
2017,324,8.245166666666666
2017,325,10.282666666666668
2017,326,17.438666666666666
2017,327,18.837666666666664
2017,328,8.994500000000002
2017,329,7.8135
2017,330,16.803
2017,331,16.426000000000002
2017,332,16.719
2017,333,7.9221666666666675
2017,334,7.669666666666666
2017,335,11.443833333333334
2017,336,12.739333333333331
2017,337,22.270999999999997
2017,338,16.79866666666667
2017,339,25.253999999999998
2017,340,24.633
2017,341,20.835666666666665
2017,342,15.793999999999999
2017,343,20.926166666666667
2017,344,20.369333333333334
2017,345,22.292333333333332
2017,346,17.699333333333335
2017,347,23.02825
2017,348,20.877833333333335
2017,349,20.282666666666668
2017,350,17.334000000000003
2017,351,13.357333333333333
2017,352,15.596333333333332
2017,353,8.126000000000001
2017,354,18.609833333333334
2017,355,17.710833333333333
2017,356,27.062833333333334
2017,357,27.435666666666666
2017,358,32.0535
2017,359,22.5255
2017,360,23.639666666666667
2017,361,20.076666666666668
2017,362,18.197499999999998
2017,363,15.465833333333332
2017,364,21.932166666666664
2017,365,19.479666666666667
2018,1,14.6615
2018,2,26.13116666666667
2018,3,23.18333333333333
2018,4,14.575666666666667
2018,5,20.003166666666665
2018,6,18.06283333333333
2018,7,31.557166666666667
2018,8,32.727999999999994
2018,9,26.164499999999997
2018,10,27.737666666666666
2018,11,26.363833333333336
2018,12,27.273666666666664
2018,13,22.247000000000003
2018,14,25.674166666666665
2018,15,22.148
2018,16,20.499999999999996
2018,17,20.538999999999998
2018,18,18.715833333333336
2018,19,16.12316666666667
2018,20,12.192
2018,21,15.918000000000003
2018,22,22.370833333333334
2018,23,24.839
2018,24,24.568333333333335
2018,25,18.71033333333333
2018,26,19.3685
2018,27,10.6405
2018,28,21.6315
2018,29,12.319833333333335
2018,30,14.195666666666668
2018,31,17.92533333333333
2018,32,22.4185
2018,33,22.673666666666666
2018,34,16.890333333333334
2018,35,29.019166666666663
2018,36,31.24233333333333
2018,37,26.515666666666664
2018,38,28.417833333333334
2018,39,29.556833333333334
2018,40,27.546666666666667
2018,41,13.366499999999998
2018,42,17.123333333333335
2018,43,25.953166666666668
2018,44,23.479833333333332
2018,45,31.063000000000002
2018,46,29.413666666666664
2018,47,27.735666666666667
2018,48,18.405
2018,49,24.037166666666664
2018,50,25.173166666666667
2018,51,28.21
2018,52,29.178166666666666
2018,53,24.981333333333332
2018,54,30.819000000000003
2018,55,27.00033333333333
2018,56,32.828500000000005
2018,57,33.920500000000004
2018,58,27.552999999999997
2018,59,24.797666666666668
2018,60,36.38733333333333
2018,61,37.37216666666667
2018,62,-0.0288333333333333
2018,63,0.4378333333333334
2018,64,36.7515
2018,65,42.68116666666667
2018,66,42.493833333333335
2018,67,31.59316666666667
2018,68,36.72
2018,69,37.00083333333333
2018,70,33.692
2018,71,34.017
2018,72,27.794
2018,73,28.218166666666665
2018,74,34.29416666666667
2018,75,33.467666666666666
2018,76,33.73650000000001
2018,77,35.39283333333333
2018,78,34.75783333333334
2018,79,33.80833333333334
2018,80,35.09033333333333
2018,81,32.236333333333334
2018,82,37.10766666666667
2018,83,36.562
2018,84,30.006999999999998
2018,85,31.45966666666667
2018,86,33.811166666666665
2018,87,35.29833333333333
2018,88,38.35483333333333
2018,89,40.22816666666667
2018,90,36.66499999999999
2018,91,35.402
2018,92,30.523
2018,93,43.74166666666667
2018,94,32.979
2018,95,27.640833333333333
2018,96,32.747499999999995
2018,97,36.175
2018,98,37.59666666666667
2018,99,41.080166666666656
2018,100,37.968833333333336
2018,101,35.28866666666667
2018,102,36.211
2018,103,40.426833333333335
2018,104,47.48466666666667
2018,105,37.40383333333334
2018,106,37.07966666666667
2018,107,28.2195
2018,108,28.563166666666664
2018,109,33.50933333333333
2018,110,34.284666666666666
2018,111,36.4485
2018,112,31.850666666666665
2018,113,35.346833333333336
2018,114,31.8945
2018,115,27.747666666666667
2018,116,29.003999999999998
2018,117,29.7205
2018,118,30.319333333333333
2018,119,30.9815
2018,120,33.06816666666666
2018,121,34.455
2018,122,32.2695
2018,123,32.489333333333335
2018,124,31.446833333333334
2018,125,30.886166666666668
2018,126,35.11666666666667
2018,127,34.157333333333334
2018,128,34.6935
2018,129,36.353833333333334
2018,130,34.184
2018,131,35.28066666666666
2018,132,37.82183333333333
2018,133,39.67466666666667
2018,134,38.207166666666666
2018,135,33.755833333333335
2018,136,30.908
2018,137,34.87983333333334
2018,138,30.98916666666667
2018,139,33.997
2018,140,34.25366666666667
2018,141,32.07416666666667
2018,142,33.191500000000005
2018,143,32.082
2018,144,31.220333333333336
2018,145,25.525666666666666
2018,146,26.27333333333333
2018,147,34.01816666666667
2018,148,29.870666666666665
2018,149,36.16766666666667
2018,150,34.63016666666667
2018,151,32.1465
2018,152,31.427
2018,153,35.66583333333333
2018,154,33.21066666666667
2018,155,31.065666666666665
2018,156,25.741500000000002
2018,157,23.806
2018,158,26.983500000000003
2018,159,26.433666666666667
2018,160,31.868666666666666
2018,161,29.725833333333334
2018,162,29.988166666666665
2018,163,23.315999999999995
2018,164,26.631
2018,165,23.012833333333333
2018,166,28.31733333333333
2018,167,29.769
2018,168,24.13883333333333
2018,169,30.978500000000004
2018,170,30.20733333333333
2018,171,26.400666666666666
2018,172,21.207
2018,173,31.027833333333334
2018,174,23.764499999999998
2018,175,17.639833333333335
2018,176,24.005000000000003
2018,177,27.7045
2018,178,26.99516666666667
2018,179,29.48933333333333
2018,180,27.156
2018,181,22.371499999999997
2018,182,21.561
2018,183,10.256666666666668
2018,184,16.587666666666664
2018,185,16.985333333333333
2018,186,23.738500000000002
2018,187,17.866833333333332
2018,188,20.5915
2018,189,16.187833333333334
2018,190,23.9235
2018,191,18.16833333333333
2018,192,20.317999999999998
2018,193,19.87033333333333
2018,194,22.736833333333333
2018,195,25.15466666666667
2018,196,25.495833333333334
2018,197,25.8875
2018,198,26.9395
2018,199,23.472166666666666
2018,200,22.284666666666666
2018,201,21.8975
2018,202,27.002499999999998
2018,203,29.642
2018,204,26.9065
2018,205,28.1175
2018,206,24.659166666666668
2018,207,32.046166666666664
2018,208,29.894
2018,209,26.55766666666667
2018,210,26.637166666666666
2018,211,26.203333333333333
2018,212,34.072833333333335
2018,213,33.54216666666666
2018,214,32.936166666666665
2018,215,31.473666666666666
2018,216,22.515166666666666
2018,217,24.757666666666665
2018,218,20.08083333333333
2018,219,22.109833333333334
2018,220,24.299666666666667
2018,221,29.400666666666666
2018,222,29.401666666666664
2018,223,27.858833333333337
2018,224,21.412
2018,225,19.228833333333334
2018,226,21.572499999999998
2018,227,14.851166666666666
2018,228,18.346999999999998
2018,229,19.0005
2018,230,20.373166666666666
2018,231,21.09466666666667
2018,232,14.4255
2018,233,17.692666666666668
2018,234,19.341666666666665
2018,235,21.473666666666666
2018,236,24.04933333333333
2018,237,17.630499999999998
2018,238,15.227
2018,239,14.756499999999999
2018,240,15.065166666666666
2018,241,14.067666666666668
2018,242,9.886333333333333
2018,243,14.934666666666669
2018,244,18.411333333333335
2018,245,16.588500000000003
2018,246,17.293
2018,247,12.431833333333334
2018,248,9.933333333333334
2018,249,11.104666666666667
2018,250,13.1905
2018,251,25.0745
2018,252,24.963499999999996
2018,253,18.831
2018,254,23.8705
2018,255,28.685
2018,256,25.751666666666665
2018,257,19.244
2018,258,25.561
2018,259,23.79466666666667
2018,260,21.604166666666668
2018,261,20.590333333333334
2018,262,32.76616666666666
2018,263,27.148666666666664
2018,264,32.498
2018,265,25.980666666666664
2018,266,21.6115
2018,267,20.839333333333332
2018,268,26.4375
2018,269,24.802333333333333
2018,270,25.36783333333333
2018,271,23.619
2018,272,21.967
2018,273,24.854166666666668
2018,274,24.429333333333336
2018,275,21.507333333333335
2018,276,16.380833333333335
2018,277,21.112833333333334
2018,278,17.165833333333335
2018,279,25.720333333333333
2018,280,25.84433333333333
2018,281,17.581666666666667
2018,282,22.626333333333328
2018,283,21.963166666666666
2018,284,16.869166666666665
2018,285,16.123666666666665
2018,286,18.3185
2018,287,24.015166666666666
2018,288,27.845
2018,289,25.521666666666665
2018,290,24.516666666666666
2018,291,29.486666666666668
2018,292,23.128166666666665
2018,293,16.128666666666668
2018,294,15.282666666666668
2018,295,21.190666666666665
2018,296,21.519499999999997
2018,297,21.1505
2018,298,15.999166666666667
2018,299,17.729499999999998
2018,300,16.668166666666668
2018,301,22.253
2018,302,22.323
2018,303,16.302
2018,304,11.602500000000003
2018,305,11.986833333333331
2018,306,10.347666666666665
2018,307,19.328166666666668
2018,308,18.7575
2018,309,14.776666666666667
2018,310,11.113666666666667
2018,311,9.974666666666668
2018,312,9.135166666666667
2018,313,11.064166666666665
2018,314,10.598333333333334
2018,315,13.009999999999998
2018,316,13.090833333333332
2018,317,9.452833333333334
2018,318,15.189166666666665
2018,319,16.769
2018,320,16.924833333333336
2018,321,16.404833333333336
2018,322,25.09466666666667
2018,323,25.386166666666668
2018,324,22.732833333333332
2018,325,20.58866666666667
2018,326,24.802500000000002
2018,327,23.545666666666666
2018,328,16.0335
2018,329,18.724333333333334
2018,330,21.41616666666667
2018,331,22.5
2018,332,20.356166666666667
2018,333,20.787499999999998
2018,334,25.412666666666667
2018,335,20.607166666666664
2018,336,17.21116666666667
2018,337,14.139333333333333
2018,338,10.756666666666666
2018,339,24.950166666666664
2018,340,21.30383333333333
2018,341,21.83716666666667
2018,342,17.857166666666668
2018,343,15.3815
2018,344,13.229500000000002
2018,345,5.357166666666666
2018,346,13.018833333333335
2018,347,13.4695
2018,348,20.1525
2018,349,20.508166666666668
2018,350,21.308000000000003
2018,351,17.925333333333334
2018,352,15.947500000000002
2018,353,12.0055
2018,354,11.005666666666666
2018,355,18.013833333333338
2018,356,12.718666666666667
2018,357,2.2776666666666667
2018,358,10.031166666666667
2018,359,17.871166666666667
2018,360,28.6175
2018,361,22.866666666666664
2018,362,16.608
2018,363,22.732333333333333
2018,364,20.110666666666667
2018,365,21.858666666666664
2019,1,23.94833333333333
2019,2,26.205666666666666
2019,3,29.739166666666662
2019,4,26.481499999999997
2019,5,22.834833333333332
2019,6,17.953833333333332
2019,7,20.386000000000003
2019,8,18.232333333333333
2019,9,21.373166666666666
2019,10,18.0865
2019,11,21.722
2019,12,26.597666666666665
2019,13,22.83466666666667
2019,14,16.316666666666666
2019,15,26.460666666666665
2019,16,26.202666666666666
2019,17,23.96333333333333
2019,18,27.804833333333335
2019,19,22.514833333333335
2019,20,27.506833333333333
2019,21,22.544666666666668
2019,22,19.10183333333333
2019,23,21.285666666666664
2019,24,20.539
2019,25,17.478666666666665
2019,26,22.624333333333333
2019,27,20.76616666666667
2019,28,21.851166666666664
2019,29,19.332166666666666
2019,30,19.889499999999998
2019,31,19.031833333333335
2019,32,15.511
2019,33,15.438166666666667
2019,34,15.922
2019,35,18.91283333333333
2019,36,25.0515
2019,37,19.202333333333332
2019,38,18.71
2019,39,22.7655
2019,40,26.967499999999998
2019,41,25.02316666666667
2019,42,23.099666666666664
2019,43,28.67983333333333
2019,44,29.641833333333334
2019,45,28.088166666666666
2019,46,25.473666666666666
2019,47,27.07333333333333
2019,48,32.531
2019,49,30.578333333333333
2019,50,25.23966666666667
2019,51,29.285
2019,52,31.567999999999998
2019,53,30.066666666666663
2019,54,26.752166666666668
2019,55,21.25316666666667
2019,56,32.688
2019,57,31.104166666666664
2019,58,23.252166666666668
2019,59,30.108
2019,60,33.39666666666667
2019,61,29.367
2019,62,32.793166666666664
2019,63,28.33066666666667
2019,64,30.67983333333333
2019,65,30.2455
2019,66,26.277666666666665
2019,67,27.141833333333334
2019,68,32.71483333333333
2019,69,30.568166666666663
2019,70,31.85333333333334
2019,71,30.038333333333334
2019,72,31.068333333333335
2019,73,27.9375
2019,74,28.79083333333333
2019,75,24.107166666666664
2019,76,22.883666666666667
2019,77,30.165
2019,78,24.641833333333334
2019,79,29.726
2019,80,27.724666666666664
2019,81,34.941
2019,82,27.85216666666667
2019,83,33.87466666666666
2019,84,29.584
2019,85,31.3065
2019,86,30.5285
2019,87,32.63316666666667
2019,88,31.632
2019,89,33.788
2019,90,32.626333333333335
2019,91,31.077666666666666
2019,92,32.37916666666666
2019,93,36.979166666666664
2019,94,36.50833333333334
2019,95,39.32216666666666
2019,96,37.315000000000005
2019,97,36.0085
2019,98,33.62766666666667
2019,99,26.433
2019,100,25.722250000000003
2019,101,30.43183333333333
2019,102,31.898166666666665
2019,103,33.21383333333333
2019,104,35.565333333333335
2019,105,36.626333333333335
2019,106,38.442833333333326
2019,107,37.96666666666667
2019,108,40.75083333333333
2019,109,41.436499999999995
2019,110,40.315999999999995
2019,111,38.98583333333333
2019,112,45.58716666666666
2019,113,49.131
2019,114,51.081833333333336
2019,115,50.923500000000004
2019,116,46.429833333333335
2019,117,40.068333333333335
2019,118,32.402499999999996
2019,119,31.0625
2019,120,37.18966666666667
2019,121,39.60483333333333
2019,122,32.376333333333335
2019,123,29.068999999999996
2019,124,26.432666666666666
2019,125,22.723333333333336
2019,126,26.979833333333332
2019,127,30.04416666666667
2019,128,31.467333333333336
2019,129,33.440000000000005
2019,130,16.2795
2019,131,20.2205
2019,132,32.11483333333333
2019,133,27.725833333333334
2019,134,27.558
2019,135,32.341166666666666
2019,136,34.03033333333334
2019,137,30.60066666666667
2019,138,26.738833333333332
2019,139,19.33433333333333
2019,140,16.214333333333336
2019,141,15.692833333333333
2019,142,21.953000000000003
2019,143,24.174666666666667
2019,144,16.310833333333335
2019,145,31.444333333333333
2019,146,28.816833333333335
2019,147,24.954333333333334
2019,148,22.62683333333333
2019,149,24.13266666666667
2019,150,28.63583333333333
2019,151,25.976333333333333
2019,152,28.850499999999997
2019,153,26.81966666666667
2019,154,29.99516666666667
2019,155,30.441833333333335
2019,156,30.7935
2019,157,32.69983333333333
2019,158,35.57983333333334
2019,159,37.15183333333333
2019,160,34.81216666666667
2019,161,35.55983333333334
2019,162,25.8795
2019,163,29.278833333333335
2019,164,23.197499999999998
2019,165,29.066499999999998
2019,166,27.292666666666666
2019,167,38.085
2019,168,34.3745
2019,169,30.269333333333332
2019,170,26.84466666666667
2019,171,31.049833333333332
2019,172,33.314166666666665
2019,173,31.540166666666664
2019,174,30.022
2019,175,30.232166666666664
2019,176,26.599333333333334
2019,177,24.558166666666665
2019,178,23.40383333333333
2019,179,27.880833333333335
2019,180,25.77
2019,181,25.258666666666663
2019,182,33.05716666666666
2019,183,25.196833333333334
2019,184,19.785833333333336
2019,185,24.612666666666666
2019,186,21.172333333333334
2019,187,20.308500000000002
2019,188,17.3905
2019,189,25.4305
2019,190,16.503833333333333
2019,191,15.892833333333332
2019,192,21.368000000000002
2019,193,20.56816666666667
2019,194,20.37083333333333
2019,195,22.433833333333332
2019,196,24.701333333333334
2019,197,23.1545
2019,198,22.721333333333334
2019,199,29.575
2019,200,18.987166666666663
2019,201,19.914833333333334
2019,202,25.9755
2019,203,19.083666666666666
2019,204,24.18316666666667
2019,205,24.364
2019,206,25.507833333333338
2019,207,27.635833333333334
2019,208,31.1495
2019,209,28.786499999999997
2019,210,26.057666666666663
2019,211,21.90366666666667
2019,212,17.359833333333334
2019,213,23.7215
2019,214,18.650333333333336
2019,215,20.433166666666665
2019,216,21.96666666666666
2019,217,26.792333333333335
2019,218,25.676500000000004
2019,219,18.596666666666664
2019,220,19.573500000000003
2019,221,18.806833333333334
2019,222,20.5195
2019,223,17.304499999999997
2019,224,27.561500000000002
2019,225,25.607833333333332
2019,226,25.526666666666664
2019,227,26.772499999999997
2019,228,31.250666666666667
2019,229,29.089999999999996
2019,230,29.930333333333333
2019,231,27.143666666666668
2019,232,29.474
2019,233,20.383666666666667
2019,234,28.191666666666666
2019,235,34.54900000000001
2019,236,27.773833333333332
2019,237,25.96516666666667
2019,238,25.861500000000003
2019,239,30.40533333333333
2019,240,23.67233333333333
2019,241,21.039499999999997
2019,242,23.94583333333333
2019,243,25.062833333333334
2019,244,19.944833333333335
2019,245,26.643166666666666
2019,246,16.792166666666667
2019,247,23.695833333333333
2019,248,30.824833333333338
2019,249,26.53033333333333
2019,250,25.8305
2019,251,24.023500000000002
2019,252,23.217166666666667
2019,253,29.90466666666667
2019,254,35.214166666666664
2019,255,29.2915
2019,256,19.80233333333333
2019,257,23.117999999999995
2019,258,21.152166666666666
2019,259,20.88383333333333
2019,260,17.883999999999997
2019,261,14.674999999999999
2019,262,18.305166666666665
2019,263,21.058166666666665
2019,264,17.051333333333332
2019,265,23.990499999999997
2019,266,19.197833333333335
2019,267,20.18783333333333
2019,268,19.288666666666664
2019,269,23.000666666666667
2019,270,27.1355
2019,271,20.584833333333336
2019,272,15.483
2019,273,15.097000000000001
2019,274,28.073999999999998
2019,275,24.230166666666666
2019,276,14.313
2019,277,17.067999999999998
2019,278,21.171333333333333
2019,279,18.581
2019,280,18.738166666666665
2019,281,20.153333333333332
2019,282,19.250166666666665
2019,283,13.1985
2019,284,18.313333333333333
2019,285,25.945500000000003
2019,286,22.8235
2019,287,15.769333333333334
2019,288,19.783666666666665
2019,289,18.003999999999998
2019,290,17.166999999999998
2019,291,
2019,292,
2019,293,
2019,294,23.87633333333333
2019,295,21.749833333333335
2019,296,26.302833333333332
2019,297,25.59466666666667
2019,298,22.41433333333333
2019,299,22.91983333333333
2019,300,21.84933333333333
2019,302,22.844
2019,303,20.4875
2019,304,20.233666666666664
2019,305,23.526166666666665
2019,306,21.826333333333334
2019,307,11.081333333333333
2019,308,23.4555
2019,309,22.922166666666662
2019,310,25.162
2019,311,19.268
2019,312,9.948333333333334
2019,313,17.200000000000003
2019,314,15.468333333333334
2019,315,16.792833333333334
2019,316,19.031666666666663
2019,317,17.095333333333336
2019,318,20.175666666666665
2019,319,22.28783333333333
2019,320,12.134
2019,321,10.568333333333333
2019,322,15.209833333333332
2019,323,20.973166666666668
2019,324,12.4235
2019,325,21.890333333333338
2019,326,19.793333333333337
2019,327,15.666166666666665
2019,328,17.77883333333333
2019,329,16.171166666666664
2019,330,15.325833333333335
2019,331,9.604333333333335
2019,332,13.773166666666665
2019,333,10.166166666666667
2019,334,27.203333333333333
2019,335,28.275166666666667
2019,336,22.34166666666667
2019,337,25.749166666666667
2019,338,22.867833333333337
2019,339,25.778666666666666
2019,340,14.937000000000001
2019,341,11.167
2019,342,27.34733333333333
2019,343,30.131
2019,344,24.577666666666666
2019,345,23.994333333333334
2019,346,20.506500000000003
2019,347,20.353833333333334
2019,348,20.188333333333333
2019,349,13.605166666666669
2019,350,25.144333333333332
2019,351,20.426000000000002
2019,352,15.356833333333334
2019,353,22.839
2019,354,19.089833333333335
2019,355,14.9375
2019,356,9.832
2019,357,7.7333333333333325
2019,358,4.922833333333333
2019,359,8.714333333333336
2019,360,17.990333333333332
2019,361,14.158166666666666
2019,362,28.373666666666665
2019,363,25.943666666666665
2019,364,20.429833333333335
2019,365,26.192
2020,1,28.544166666666666
2020,2,29.300166666666666
2020,3,17.128
2020,4,20.424166666666665
2020,5,22.5475
2020,6,18.8795
2020,7,15.279333333333334
2020,8,19.505000000000003
2020,9,29.867666666666672
2020,10,17.270833333333336
2020,11,20.848499999999998
2020,12,25.041666666666668
2020,13,28.0905
2020,14,24.440333333333335
2020,15,17.68716666666667
2020,16,27.927666666666667
2020,17,25.961166666666664
2020,18,20.608000000000004
2020,19,27.473166666666664
2020,20,27.897166666666664
2020,21,29.030333333333335
2020,22,32.72
2020,23,28.522999999999996
2020,24,26.319166666666664
2020,25,30.5045
2020,26,24.922
2020,27,14.423333333333332
2020,28,17.942166666666665
2020,29,15.687666666666667
2020,30,18.311666666666667
2020,31,15.206000000000001
2020,32,16.509666666666668
2020,33,25.514000000000003
2020,34,24.035999999999998
2020,35,30.079
2020,36,27.319333333333333
2020,37,29.814166666666665
2020,38,28.952666666666666
2020,39,20.9195
2020,40,22.769166666666667
2020,41,27.860166666666668
2020,42,30.867000000000004
2020,43,24.91466666666667
2020,44,27.854833333333335
2020,45,24.554666666666666
2020,46,24.32633333333333
2020,47,23.581500000000002
2020,48,32.425333333333334
2020,49,29.385666666666665
2020,50,28.332833333333333
2020,51,22.367333333333335
2020,52,26.979666666666667
2020,53,26.3855
2020,54,29.404833333333332
2020,55,30.81733333333333
2020,56,27.884166666666665
2020,57,21.509500000000003
2020,58,25.373166666666663
2020,59,26.701
2020,60,28.664166666666667
2020,61,25.329166666666666
2020,62,24.229
2020,63,18.843666666666664
2020,64,19.781166666666664
2020,65,22.43566666666667
2020,66,26.013666666666666
2020,67,21.916333333333334
2020,68,22.561999999999998
2020,69,25.848666666666666
2020,70,21.3335
2020,71,22.461833333333338
2020,72,31.153666666666666
2020,73,31.537333333333333
2020,74,31.473
2020,75,31.571333333333335
2020,76,28.255833333333328
2020,77,26.315666666666665
2020,78,25.77283333333333
2020,79,30.09983333333333
2020,80,27.809666666666665
2020,81,29.724666666666664
2020,82,31.545333333333332
2020,83,31.1905
2020,84,32.35583333333334
2020,85,37.298
2020,86,38.469500000000004
2020,87,38.409333333333336
2020,88,38.685833333333335
2020,89,33.02716666666667
2020,90,31.912666666666667
2020,91,32.842
2020,92,31.421999999999997
2020,93,31.836666666666666
2020,94,32.35016666666667
2020,95,29.75433333333333
2020,96,29.629499999999997
2020,97,31.011499999999998
2020,98,37.74066666666666
2020,99,30.058
2020,100,28.876333333333335
2020,101,30.105
2020,102,29.541999999999998
2020,103,29.615
2020,104,31.530500000000004
2020,105,27.823500000000003
2020,106,26.898999999999994
2020,107,28.3475
2020,108,29.019333333333332
2020,109,27.84883333333333
2020,110,28.54816666666667
2020,111,31.898333333333333
2020,112,32.202
2020,113,36.56483333333334
2020,114,37.065
2020,115,33.204499999999996
2020,116,32.55016666666667
2020,117,33.31699999999999
2020,118,30.08133333333333
2020,119,27.479666666666667
2020,120,27.208666666666666
2020,121,28.968666666666664
2020,122,29.53516666666667
2020,123,33.5945
2020,124,28.52733333333333
2020,125,33.46083333333333
2020,126,32.806333333333335
2020,127,34.64633333333333
2020,128,34.79516666666667
2020,129,32.1695
2020,130,33.95016666666666
2020,131,36.96366666666667
2020,132,30.978833333333334
2020,133,26.450499999999998
2020,134,30.473666666666666
2020,135,30.014999999999997
2020,136,32.35816666666666
2020,137,31.986666666666665
2020,138,24.49583333333333
2020,139,25.838166666666666
2020,140,24.945666666666664
2020,141,27.182833333333335
2020,142,24.156666666666666
2020,143,30.8675
2020,144,33.6055
2020,145,30.41016666666666
2020,146,35.99333333333334
2020,147,37.16533333333333
2020,148,35.21666666666667
2020,149,26.797833333333337
2020,150,30.0395
2020,151,29.275166666666664
2020,152,29.494833333333332
2020,153,27.817666666666668
2020,154,27.502166666666668
2020,155,25.756666666666664
2020,156,19.174
2020,157,25.725166666666667
2020,158,28.92
2020,159,25.600666666666665
2020,160,29.09283333333333
2020,161,22.329666666666665
2020,162,22.217833333333335
2020,163,21.03816666666667
2020,164,22.822000000000003
2020,165,30.149833333333333
2020,166,29.332666666666665
2020,167,25.07333333333333
2020,168,24.329833333333333
2020,169,28.3095
2020,170,31.871333333333332
2020,171,30.923333333333332
2020,172,19.606166666666667
2020,173,24.340666666666664
2020,174,23.092166666666664
2020,175,29.669333333333334
2020,176,34.85733333333334
2020,177,34.93333333333333
2020,178,33.3395
2020,179,36.70866666666666
2020,180,31.772666666666666
2020,181,22.107666666666667
2020,182,26.620833333333337
2020,183,25.420333333333332
2020,184,26.748166666666666
2020,185,26.885333333333335
2020,186,25.20283333333333
2020,187,21.299666666666667
2020,188,22.948666666666668
2020,189,23.29083333333333
2020,190,24.104
2020,191,22.071833333333338
2020,192,17.415666666666667
2020,193,18.38233333333333
2020,194,18.987
2020,195,22.177500000000002
2020,196,22.395833333333336
2020,197,25.1745
2020,198,22.62533333333333
2020,199,26.636166666666668
2020,200,29.552999999999997
2020,201,29.051166666666667
2020,202,27.4015
2020,203,24.027166666666666
2020,204,18.65683333333333
2020,205,19.303666666666665
2020,206,19.097
2020,207,20.714333333333336
2020,208,20.50183333333333
2020,209,25.649166666666666
2020,210,17.904833333333332
2020,211,18.943666666666665
2020,212,19.880166666666664
2020,213,19.164166666666667
2020,214,21.207166666666666
2020,215,18.78966666666667
2020,216,21.9425
2020,217,18.223
2020,218,18.424666666666667
2020,219,27.0705
2020,220,19.996666666666663
2020,221,21.362499999999997
2020,222,20.9175
2020,223,20.1255
2020,224,17.560666666666663
2020,225,18.7115
2020,226,14.632666666666667
2020,227,17.679166666666667
2020,228,28.317666666666668
2020,229,32.44
2020,230,21.588833333333334
2020,231,25.424500000000002
2020,232,24.366166666666665
2020,233,25.425333333333334
2020,234,28.931666666666665
2020,235,25.05933333333333
2020,236,24.360333333333333
2020,237,21.779833333333336
2020,238,16.699
2020,239,22.583
2020,240,16.606166666666667
2020,241,18.284833333333335
2020,242,18.8285
2020,243,23.307333333333332
2020,244,13.491833333333332
2020,245,13.595166666666668
2020,246,15.957499999999998
2020,247,13.157833333333333
2020,248,21.503
2020,249,21.235500000000002
2020,250,23.8435
2020,251,15.356166666666669
2020,252,18.40566666666667
2020,253,18.997666666666667
2020,254,20.739666666666665
2020,255,16.48966666666667
2020,256,29.42283333333333
2020,257,28.441333333333333
2020,258,20.680999999999997
2020,259,14.722333333333335
2020,260,27.53366666666667
2020,261,19.916999999999998
2020,262,24.34316666666667
2020,263,19.522333333333332
2020,264,19.8825
2020,265,22.5025
2020,266,28.503
2020,267,33.55566666666667
2020,268,28.271333333333335
2020,269,28.605166666666662
2020,270,28.317999999999998
2020,271,25.315666666666665
2020,272,18.335166666666666
2020,273,7.303833333333333
2020,274,15.242666666666668
2020,275,23.3355
2020,276,24.176000000000002
2020,277,24.885333333333335
2020,278,24.019666666666666
2020,279,22.111666666666668
2020,280,24.72333333333333
2020,281,13.035999999999998
2020,282,18.075166666666664
2020,283,17.941666666666663
2020,284,19.360500000000002
2020,285,12.322666666666667
2020,286,18.312000000000005
2020,287,21.90533333333333
2020,288,20.347
2020,289,20.04083333333333
2020,290,24.532333333333334
2020,291,19.564999999999998
2020,292,23.1715
2020,293,22.115499999999997
2020,294,18.502
2020,295,12.253833333333334
2020,296,16.146166666666666
2020,297,24.929000000000002
2020,298,20.428
2020,299,18.42083333333333
2020,300,15.825666666666667
2020,301,17.813000000000002
2020,302,22.838833333333334
2020,303,12.284833333333333
2020,304,12.011500000000002
2020,305,17.44383333333333
2020,306,15.6565
2020,307,21.129666666666665
2020,308,13.9485
2020,309,20.44233333333333
2020,310,24.94316666666667
2020,311,23.61
2020,312,20.90083333333333
2020,313,22.28033333333333
2020,314,20.25133333333333
2020,315,18.584333333333333
2020,316,10.742166666666666
2020,317,15.576166666666667
2020,318,15.114166666666666
2020,319,15.658166666666666
2020,320,13.995833333333334
2020,321,14.307666666666666
2020,322,13.218833333333333
2020,323,13.540666666666667
2020,324,20.737
2020,325,27.43
2020,326,21.6895
2020,327,22.243333333333332
2020,328,28.015
2020,329,26.421166666666664
2020,330,23.703
2020,331,21.34433333333333
2020,332,18.104833333333332
2020,333,4.286666666666667
2020,334,8.901666666666667
2020,335,8.855
2020,336,10.438666666666666
2020,337,15.907666666666668
2020,338,13.069333333333333
2020,339,16.78583333333333
2020,340,16.262999999999998
2020,341,21.312666666666665
2020,342,24.396
2020,343,24.209833333333332
2020,344,23.981666666666666
2020,345,22.568999999999996
2020,346,15.947166666666664
2020,347,21.2635
2020,348,20.882333333333335
2020,349,9.410166666666667
2020,350,11.883166666666668
2020,351,15.580166666666667
2020,352,21.36333333333333
2020,353,17.239666666666665
2020,354,14.717666666666668
2020,355,17.572833333333335
2020,356,16.252333333333333
2020,357,13.7215
2020,358,15.592333333333334
2020,359,19.158833333333334
2020,360,8.963666666666667
2020,361,13.946666666666665
2020,362,19.823833333333333
2020,363,19.851
2020,364,20.144
2020,365,19.075166666666664
2020,366,12.994666666666667
