year,doy,o3
2018,1,14.6615
2018,2,26.13116666666667
2018,3,23.18333333333333
2018,4,14.575666666666667
2018,5,20.003166666666665
2018,6,18.06283333333333
2018,7,31.557166666666667
2018,8,32.727999999999994
2018,9,26.164499999999997
2018,10,27.737666666666666
2018,11,26.363833333333336
2018,12,27.273666666666664
2018,13,22.247000000000003
2018,14,25.674166666666665
2018,15,22.148
2018,16,20.499999999999996
2018,17,20.538999999999998
2018,18,18.715833333333336
2018,19,16.12316666666667
2018,20,12.192
2018,21,15.918000000000003
2018,22,22.370833333333334
2018,23,24.839
2018,24,24.568333333333335
2018,25,18.71033333333333
2018,26,19.3685
2018,27,10.6405
2018,28,21.6315
2018,29,12.319833333333335
2018,30,14.195666666666668
2018,31,17.92533333333333
2018,32,22.4185
2018,33,22.673666666666666
2018,34,16.890333333333334
2018,35,29.019166666666663
2018,36,31.24233333333333
2018,37,26.515666666666664
2018,38,28.417833333333334
2018,39,29.556833333333334
2018,40,27.546666666666667
2018,41,13.366499999999998
2018,42,17.123333333333335
2018,43,25.953166666666668
2018,44,23.479833333333332
2018,45,31.063000000000002
2018,46,29.413666666666664
2018,47,27.735666666666667
2018,48,18.405
2018,49,24.037166666666664
2018,50,25.173166666666667
2018,51,28.21
2018,52,29.178166666666666
2018,53,24.981333333333332
2018,54,30.819000000000003
2018,55,27.00033333333333
2018,56,32.828500000000005
2018,57,33.920500000000004
2018,58,27.552999999999997
2018,59,24.797666666666668
2018,60,36.38733333333333
2018,61,37.37216666666667
2018,62,-0.0288333333333333
2018,63,0.4378333333333334
2018,64,36.7515
2018,65,42.68116666666667
2018,66,42.493833333333335
2018,67,31.59316666666667
2018,68,36.72
2018,69,37.00083333333333
2018,70,33.692
2018,71,34.017
2018,72,27.794
2018,73,28.218166666666665
2018,74,34.29416666666667
2018,75,33.467666666666666
2018,76,33.73650000000001
2018,77,35.39283333333333
2018,78,34.75783333333334
2018,79,33.80833333333334
2018,80,35.09033333333333
2018,81,32.236333333333334
2018,82,37.10766666666667
2018,83,36.562
2018,84,30.006999999999998
2018,85,31.45966666666667
2018,86,33.811166666666665
2018,87,35.29833333333333
2018,88,38.35483333333333
2018,89,40.22816666666667
2018,90,36.66499999999999
2018,91,35.402
2018,92,30.523
2018,93,43.74166666666667
2018,94,32.979
2018,95,27.640833333333333
2018,96,32.747499999999995
2018,97,36.175
2018,98,37.59666666666667
2018,99,41.080166666666656
2018,100,37.968833333333336
2018,101,35.28866666666667
2018,102,36.211
2018,103,40.426833333333335
2018,104,47.48466666666667
2018,105,37.40383333333334
2018,106,37.07966666666667
2018,107,28.2195
2018,108,28.563166666666664
2018,109,33.50933333333333
2018,110,34.284666666666666
2018,111,36.4485
2018,112,31.850666666666665
2018,113,35.346833333333336
2018,114,31.8945
2018,115,27.747666666666667
2018,116,29.003999999999998
2018,117,29.7205
2018,118,30.319333333333333
2018,119,30.9815
2018,120,33.06816666666666
2018,121,34.455
2018,122,32.2695
2018,123,32.489333333333335
2018,124,31.446833333333334
2018,125,30.886166666666668
2018,126,35.11666666666667
2018,127,34.157333333333334
2018,128,34.6935
2018,129,36.353833333333334
2018,130,34.184
2018,131,35.28066666666666
2018,132,37.82183333333333
2018,133,39.67466666666667
2018,134,38.207166666666666
2018,135,33.755833333333335
2018,136,30.908
2018,137,34.87983333333334
2018,138,30.98916666666667
2018,139,33.997
2018,140,34.25366666666667
2018,141,32.07416666666667
2018,142,33.191500000000005
2018,143,32.082
2018,144,31.220333333333336
2018,145,25.525666666666666
2018,146,26.27333333333333
2018,147,34.01816666666667
2018,148,29.870666666666665
2018,149,36.16766666666667
2018,150,34.63016666666667
2018,151,32.1465
2018,152,31.427
2018,153,35.66583333333333
2018,154,33.21066666666667
2018,155,31.065666666666665
2018,156,25.741500000000002
2018,157,23.806
2018,158,26.983500000000003
2018,159,26.433666666666667
2018,160,31.868666666666666
2018,161,29.725833333333334
2018,162,29.988166666666665
2018,163,23.315999999999995
2018,164,26.631
2018,165,23.012833333333333
2018,166,28.31733333333333
2018,167,29.769
2018,168,24.13883333333333
2018,169,30.978500000000004
2018,170,30.20733333333333
2018,171,26.400666666666666
2018,172,21.207
2018,173,31.027833333333334
2018,174,23.764499999999998
2018,175,17.639833333333335
2018,176,24.005000000000003
2018,177,27.7045
2018,178,26.99516666666667
2018,179,29.48933333333333
2018,180,27.156
2018,181,22.371499999999997
2018,182,21.561
2018,183,10.256666666666668
2018,184,16.587666666666664
2018,185,16.985333333333333
2018,186,23.738500000000002
2018,187,17.866833333333332
2018,188,20.5915
2018,189,16.187833333333334
2018,190,23.9235
2018,191,18.16833333333333
2018,192,20.317999999999998
2018,193,19.87033333333333
2018,194,22.736833333333333
2018,195,25.15466666666667
2018,196,25.495833333333334
2018,197,25.8875
2018,198,26.9395
2018,199,23.472166666666666
2018,200,22.284666666666666
2018,201,21.8975
2018,202,27.002499999999998
2018,203,29.642
2018,204,26.9065
2018,205,28.1175
2018,206,24.659166666666668
2018,207,32.046166666666664
2018,208,29.894
2018,209,26.55766666666667
2018,210,26.637166666666666
2018,211,26.203333333333333
2018,212,34.072833333333335
2018,213,33.54216666666666
2018,214,32.936166666666665
2018,215,31.473666666666666
2018,216,22.515166666666666
2018,217,24.757666666666665
2018,218,20.08083333333333
2018,219,22.109833333333334
2018,220,24.299666666666667
2018,221,29.400666666666666
2018,222,29.401666666666664
2018,223,27.858833333333337
2018,224,21.412
2018,225,19.228833333333334
2018,226,21.572499999999998
2018,227,14.851166666666666
2018,228,18.346999999999998
2018,229,19.0005
2018,230,20.373166666666666
2018,231,21.09466666666667
2018,232,14.4255
2018,233,17.692666666666668
2018,234,19.341666666666665
2018,235,21.473666666666666
2018,236,24.04933333333333
2018,237,17.630499999999998
2018,238,15.227
2018,239,14.756499999999999
2018,240,15.065166666666666
2018,241,14.067666666666668
2018,242,9.886333333333333
2018,243,14.934666666666669
2018,244,18.411333333333335
2018,245,16.588500000000003
2018,246,17.293
2018,247,12.431833333333334
2018,248,9.933333333333334
2018,249,11.104666666666667
2018,250,13.1905
2018,251,25.0745
2018,252,24.963499999999996
2018,253,18.831
2018,254,23.8705
2018,255,28.685
2018,256,25.751666666666665
2018,257,19.244
2018,258,25.561
2018,259,23.79466666666667
2018,260,21.604166666666668
2018,261,20.590333333333334
2018,262,32.76616666666666
2018,263,27.148666666666664
2018,264,32.498
2018,265,25.980666666666664
2018,266,21.6115
2018,267,20.839333333333332
2018,268,26.4375
2018,269,24.802333333333333
2018,270,25.36783333333333
2018,271,23.619
2018,272,21.967
2018,273,24.854166666666668
2018,274,24.429333333333336
2018,275,21.507333333333335
2018,276,16.380833333333335
2018,277,21.112833333333334
2018,278,17.165833333333335
2018,279,25.720333333333333
2018,280,25.84433333333333
2018,281,17.581666666666667
2018,282,22.626333333333328
2018,283,21.963166666666666
2018,284,16.869166666666665
2018,285,16.123666666666665
2018,286,18.3185
2018,287,24.015166666666666
2018,288,27.845
2018,289,25.521666666666665
2018,290,24.516666666666666
2018,291,29.486666666666668
2018,292,23.128166666666665
2018,293,16.128666666666668
2018,294,15.282666666666668
2018,295,21.190666666666665
2018,296,21.519499999999997
2018,297,21.1505
2018,298,15.999166666666667
2018,299,17.729499999999998
2018,300,16.668166666666668
2018,301,22.253
2018,302,22.323
2018,303,16.302
2018,304,11.602500000000003
2018,305,11.986833333333331
2018,306,10.347666666666665
2018,307,19.328166666666668
2018,308,18.7575
2018,309,14.776666666666667
2018,310,11.113666666666667
2018,311,9.974666666666668
2018,312,9.135166666666667
2018,313,11.064166666666665
2018,314,10.598333333333334
2018,315,13.009999999999998
2018,316,13.090833333333332
2018,317,9.452833333333334
2018,318,15.189166666666665
2018,319,16.769
2018,320,16.924833333333336
2018,321,16.404833333333336
2018,322,25.09466666666667
2018,323,25.386166666666668
2018,324,22.732833333333332
2018,325,20.58866666666667
2018,326,24.802500000000002
2018,327,23.545666666666666
2018,328,16.0335
2018,329,18.724333333333334
2018,330,21.41616666666667
2018,331,22.5
2018,332,20.356166666666667
2018,333,20.787499999999998
2018,334,25.412666666666667
2018,335,20.607166666666664
2018,336,17.21116666666667
2018,337,14.139333333333333
2018,338,10.756666666666666
2018,339,24.950166666666664
2018,340,21.30383333333333
2018,341,21.83716666666667
2018,342,17.857166666666668
2018,343,15.3815
2018,344,13.229500000000002
2018,345,5.357166666666666
2018,346,13.018833333333335
2018,347,13.4695
2018,348,20.1525
2018,349,20.508166666666668
2018,350,21.308000000000003
2018,351,17.925333333333334
2018,352,15.947500000000002
2018,353,12.0055
2018,354,11.005666666666666
2018,355,18.013833333333338
2018,356,12.718666666666667
2018,357,2.2776666666666667
2018,358,10.031166666666667
2018,359,17.871166666666667
2018,360,28.6175
2018,361,22.866666666666664
2018,362,16.608
2018,363,22.732333333333333
2018,364,20.110666666666667
2018,365,21.858666666666664
2019,1,23.94833333333333
2019,2,26.205666666666666
2019,3,29.739166666666662
2019,4,26.481499999999997
2019,5,22.834833333333332
2019,6,17.953833333333332
2019,7,20.386000000000003
2019,8,18.232333333333333
2019,9,21.373166666666666
2019,10,18.0865
2019,11,21.722
2019,12,26.597666666666665
2019,13,22.83466666666667
2019,14,16.316666666666666
2019,15,26.460666666666665
2019,16,26.202666666666666
2019,17,23.96333333333333
2019,18,27.804833333333335
2019,19,22.514833333333335
2019,20,27.506833333333333
2019,21,22.544666666666668
2019,22,19.10183333333333
2019,23,21.285666666666664
2019,24,20.539
2019,25,17.478666666666665
2019,26,22.624333333333333
2019,27,20.76616666666667
2019,28,21.851166666666664
2019,29,19.332166666666666
2019,30,19.889499999999998
2019,31,19.031833333333335
2019,32,15.511
2019,33,15.438166666666667
2019,34,15.922
2019,35,18.91283333333333
2019,36,25.0515
2019,37,19.202333333333332
2019,38,18.71
2019,39,22.7655
2019,40,26.967499999999998
2019,41,25.02316666666667
2019,42,23.099666666666664
2019,43,28.67983333333333
2019,44,29.641833333333334
2019,45,28.088166666666666
2019,46,25.473666666666666
2019,47,27.07333333333333
2019,48,32.531
2019,49,30.578333333333333
2019,50,25.23966666666667
2019,51,29.285
2019,52,31.567999999999998
2019,53,30.066666666666663
2019,54,26.752166666666668
2019,55,21.25316666666667
2019,56,32.688
2019,57,31.104166666666664
2019,58,23.252166666666668
2019,59,30.108
2019,60,33.39666666666667
2019,61,29.367
2019,62,32.793166666666664
2019,63,28.33066666666667
2019,64,30.67983333333333
2019,65,30.2455
2019,66,26.277666666666665
2019,67,27.141833333333334
2019,68,32.71483333333333
2019,69,30.568166666666663
2019,70,31.85333333333334
2019,71,30.038333333333334
2019,72,31.068333333333335
2019,73,27.9375
2019,74,28.79083333333333
2019,75,24.107166666666664
2019,76,22.883666666666667
2019,77,30.165
2019,78,24.641833333333334
2019,79,29.726
2019,80,27.724666666666664
2019,81,34.941
2019,82,27.85216666666667
2019,83,33.87466666666666
2019,84,29.584
2019,85,31.3065
2019,86,30.5285
2019,87,32.63316666666667
2019,88,31.632
2019,89,33.788
2019,90,32.626333333333335
2019,91,31.077666666666666
2019,92,32.37916666666666
2019,93,36.979166666666664
2019,94,36.50833333333334
2019,95,39.32216666666666
2019,96,37.315000000000005
2019,97,36.0085
2019,98,33.62766666666667
2019,99,26.433
2019,100,25.722250000000003
2019,101,30.43183333333333
2019,102,31.898166666666665
2019,103,33.21383333333333
2019,104,35.565333333333335
2019,105,36.626333333333335
2019,106,38.442833333333326
2019,107,37.96666666666667
2019,108,40.75083333333333
2019,109,41.436499999999995
2019,110,40.315999999999995
2019,111,38.98583333333333
2019,112,45.58716666666666
2019,113,49.131
2019,114,51.081833333333336
2019,115,50.923500000000004
2019,116,46.429833333333335
2019,117,40.068333333333335
2019,118,32.402499999999996
2019,119,31.0625
2019,120,37.18966666666667
2019,121,39.60483333333333
2019,122,32.376333333333335
2019,123,29.068999999999996
2019,124,26.432666666666666
2019,125,22.723333333333336
2019,126,26.979833333333332
2019,127,30.04416666666667
2019,128,31.467333333333336
2019,129,33.440000000000005
2019,130,16.2795
2019,131,20.2205
2019,132,32.11483333333333
2019,133,27.725833333333334
2019,134,27.558
2019,135,32.341166666666666
2019,136,34.03033333333334
2019,137,30.60066666666667
2019,138,26.738833333333332
2019,139,19.33433333333333
2019,140,16.214333333333336
2019,141,15.692833333333333
2019,142,21.953000000000003
2019,143,24.174666666666667
2019,144,16.310833333333335
2019,145,31.444333333333333
2019,146,28.816833333333335
2019,147,24.954333333333334
2019,148,22.62683333333333
2019,149,24.13266666666667
2019,150,28.63583333333333
2019,151,25.976333333333333
2019,152,28.850499999999997
2019,153,26.81966666666667
2019,154,29.99516666666667
2019,155,30.441833333333335
2019,156,30.7935
2019,157,32.69983333333333
2019,158,35.57983333333334
2019,159,37.15183333333333
2019,160,34.81216666666667
2019,161,35.55983333333334
2019,162,25.8795
2019,163,29.278833333333335
2019,164,23.197499999999998
2019,165,29.066499999999998
2019,166,27.292666666666666
2019,167,38.085
2019,168,34.3745
2019,169,30.269333333333332
2019,170,26.84466666666667
2019,171,31.049833333333332
2019,172,33.314166666666665
2019,173,31.540166666666664
2019,174,30.022
2019,175,30.232166666666664
2019,176,26.599333333333334
2019,177,24.558166666666665
2019,178,23.40383333333333
2019,179,27.880833333333335
2019,180,25.77
2019,181,25.258666666666663
2019,182,33.05716666666666
2019,183,25.196833333333334
2019,184,19.785833333333336
2019,185,24.612666666666666
2019,186,21.172333333333334
2019,187,20.308500000000002
2019,188,17.3905
2019,189,25.4305
2019,190,16.503833333333333
2019,191,15.892833333333332
2019,192,21.368000000000002
2019,193,20.56816666666667
2019,194,20.37083333333333
2019,195,22.433833333333332
2019,196,24.701333333333334
2019,197,23.1545
2019,198,22.721333333333334
2019,199,29.575
2019,200,18.987166666666663
2019,201,19.914833333333334
2019,202,25.9755
2019,203,19.083666666666666
2019,204,24.18316666666667
2019,205,24.364
2019,206,25.507833333333338
2019,207,27.635833333333334
2019,208,31.1495
2019,209,28.786499999999997
2019,210,26.057666666666663
2019,211,21.90366666666667
2019,212,17.359833333333334
2019,213,23.7215
2019,214,18.650333333333336
2019,215,20.433166666666665
2019,216,21.96666666666666
2019,217,26.792333333333335
2019,218,25.676500000000004
2019,219,18.596666666666664
2019,220,19.573500000000003
2019,221,18.806833333333334
2019,222,20.5195
2019,223,17.304499999999997
2019,224,27.561500000000002
2019,225,25.607833333333332
2019,226,25.526666666666664
2019,227,26.772499999999997
2019,228,31.250666666666667
2019,229,29.089999999999996
2019,230,29.930333333333333
2019,231,27.143666666666668
2019,232,29.474
2019,233,20.383666666666667
2019,234,28.191666666666666
2019,235,34.54900000000001
2019,236,27.773833333333332
2019,237,25.96516666666667
2019,238,25.861500000000003
2019,239,30.40533333333333
2019,240,23.67233333333333
2019,241,21.039499999999997
2019,242,23.94583333333333
2019,243,25.062833333333334
2019,244,19.944833333333335
2019,245,26.643166666666666
2019,246,16.792166666666667
2019,247,23.695833333333333
2019,248,30.824833333333338
2019,249,26.53033333333333
2019,250,25.8305
2019,251,24.023500000000002
2019,252,23.217166666666667
2019,253,29.90466666666667
2019,254,35.214166666666664
2019,255,29.2915
2019,256,19.80233333333333
2019,257,23.117999999999995
2019,258,21.152166666666666
2019,259,20.88383333333333
2019,260,17.883999999999997
2019,261,14.674999999999999
2019,262,18.305166666666665
2019,263,21.058166666666665
2019,264,17.051333333333332
2019,265,23.990499999999997
2019,266,19.197833333333335
2019,267,20.18783333333333
2019,268,19.288666666666664
2019,269,23.000666666666667
2019,270,27.1355
2019,271,20.584833333333336
2019,272,15.483
2019,273,15.097000000000001
2019,274,28.073999999999998
2019,275,24.230166666666666
2019,276,14.313
2019,277,17.067999999999998
2019,278,21.171333333333333
2019,279,18.581
2019,280,18.738166666666665
2019,281,20.153333333333332
2019,282,19.250166666666665
2019,283,13.1985
2019,284,18.313333333333333
2019,285,25.945500000000003
2019,286,22.8235
2019,287,15.769333333333334
2019,288,19.783666666666665
2019,289,18.003999999999998
2019,290,17.166999999999998
2019,291,
2019,292,
2019,293,
2019,294,23.87633333333333
2019,295,21.749833333333335
2019,296,26.302833333333332
2019,297,25.59466666666667
2019,298,22.41433333333333
2019,299,22.91983333333333
2019,300,21.84933333333333
2019,302,22.844
2019,303,20.4875
2019,304,20.233666666666664
2019,305,23.526166666666665
2019,306,21.826333333333334
2019,307,11.081333333333333
2019,308,23.4555
2019,309,22.922166666666662
2019,310,25.162
2019,311,19.268
2019,312,9.948333333333334
2019,313,17.200000000000003
2019,314,15.468333333333334
2019,315,16.792833333333334
2019,316,19.031666666666663
2019,317,17.095333333333336
2019,318,20.175666666666665
2019,319,22.28783333333333
2019,320,12.134
2019,321,10.568333333333333
2019,322,15.209833333333332
2019,323,20.973166666666668
2019,324,12.4235
2019,325,21.890333333333338
2019,326,19.793333333333337
2019,327,15.666166666666665
2019,328,17.77883333333333
2019,329,16.171166666666664
2019,330,15.325833333333335
2019,331,9.604333333333335
2019,332,13.773166666666665
2019,333,10.166166666666667
2019,334,27.203333333333333
2019,335,28.275166666666667
2019,336,22.34166666666667
2019,337,25.749166666666667
2019,338,22.867833333333337
2019,339,25.778666666666666
2019,340,14.937000000000001
2019,341,11.167
2019,342,27.34733333333333
2019,343,30.131
2019,344,24.577666666666666
2019,345,23.994333333333334
2019,346,20.506500000000003
2019,347,20.353833333333334
2019,348,20.188333333333333
2019,349,13.605166666666669
2019,350,25.144333333333332
2019,351,20.426000000000002
2019,352,15.356833333333334
2019,353,22.839
2019,354,19.089833333333335
2019,355,14.9375
2019,356,9.832
2019,357,7.7333333333333325
2019,358,4.922833333333333
2019,359,8.714333333333336
2019,360,17.990333333333332
2019,361,14.158166666666666
2019,362,28.373666666666665
2019,363,25.943666666666665
2019,364,20.429833333333335
2019,365,26.192
